{
    "Name": "Game 1 :)",
    "Creator": "Spooky",
    "Icon": "none",
    "Sky": "#00c7ff",
    "SkyTexture": false,
    "GameVersion": 1,
    "Baseplate": {
        "Texture": "none",
        "Color1": "#660099",
        "Color2": "#000000"
    },
    "Objects": [
        {
            "Size": [1,1],
            "Position": [5,5],
            "Texture": "none",
            "Color": "#ff0000"
        },
        {
            "Size": [1,1],
            "Position": [5,0],
            "Texture": "none",
            "Color": "#ff0000"
        }
    ]
}